"Id","Name","Age","Date of Hire","Department Id"
1,Johnny Robertson,34,12/02/1906,1
2,Adam Bailey,39,05/09/2004,2
3,Dylan Wilkins,48,09/07/1933,3
4,Ola Craig,38,12/04/2054,4
5,Stanley Mathis,32,04/18/2055,5
6,Stephen Wolfe,37,08/04/1944,6
7,Katharine Henry,39,08/07/2028,7
8,Wayne Hill,20,04/22/2060,8
9,Richard Hammond,48,04/26/1946,9
10,Josie Hubbard,45,07/15/2046,10
11,Estelle Cole,43,02/27/1991,11
12,William Adkins,58,01/25/2067,12
13,Oscar Gray,43,04/16/2036,13
14,Sophia Sanders,37,10/03/1962,14
15,Verna Collier,40,03/24/2000,15
16,Mason Rios,58,11/18/1900,16
17,Bernard Byrd,40,08/07/2043,17
18,Frances Wolfe,49,07/02/1991,18
19,Eliza Poole,47,04/15/2059,19
20,Clara Brooks,43,07/08/1972,20
21,Julia Alexander,64,07/16/1923,21
22,Joseph Chambers,25,04/17/1980,22
23,Micheal Doyle,46,07/07/1945,23
24,Isabelle Lawson,24,10/08/1963,24
25,Tony Hamilton,60,07/24/2029,25
26,Mae Johnston,41,06/25/2033,26
27,Eugenia Lawson,24,04/01/1976,27
28,Alta Bishop,32,09/19/1912,28
29,Anthony Clayton,33,08/13/1997,29
30,Maria Jordan,36,09/01/2031,30
31,Jerry Mendoza,62,01/05/1975,31
32,Virgie Nichols,27,10/31/1934,32
33,Lois Padilla,56,03/13/2026,33
34,Leroy Coleman,32,04/13/1992,34
35,Eugene Stewart,40,01/07/2067,35
36,Steve Cannon,27,11/14/2042,36
37,Derrick Cohen,35,07/22/1920,37
38,Cecilia Stone,42,05/12/1966,38
39,Sara Graves,40,05/05/2054,39
40,Celia Boyd,41,05/27/1990,40
41,Samuel Pearson,18,04/01/1965,41
42,Joel Young,59,10/28/2033,42
43,Tyler Franklin,60,04/20/1925,43
44,Katharine Andrews,34,07/26/1956,44
45,Noah Powers,21,07/18/1938,45
46,Paul Hines,57,06/27/2006,46
47,Charlotte Gutierrez,34,10/02/2004,47
48,Allen Padilla,59,10/09/1949,48
49,Eleanor Green,26,08/06/1923,49
50,Jeffery Maldonado,65,08/27/1973,50
51,Erik Wallace,37,03/22/1923,51
52,Ada Lyons,21,07/21/2032,52
53,Luke Copeland,33,01/17/1947,53
54,Estelle Bennett,30,01/13/1910,54
55,Winnie Shaw,26,11/22/1986,55
56,Nellie Drake,62,12/20/2039,56
57,Winnie Sullivan,50,10/15/2023,57
58,Gabriel Allen,42,02/19/1932,58
59,Amelia Myers,28,07/17/1938,59
60,Tommy Norman,65,10/27/2063,60
61,Jon Henry,54,11/13/1906,61
62,Estella Santiago,33,12/14/1972,62
63,Verna Hines,45,10/04/2049,63
64,Mitchell Clayton,39,07/12/1988,64
65,Charlie Haynes,32,06/25/2004,65
66,Gary Drake,60,03/15/2019,66
67,Lura Kelley,34,12/05/2062,67
68,Leon Moreno,22,10/30/1964,68
69,Etta Benson,28,11/03/2033,69
70,Bessie Kelly,30,12/24/1954,70
71,Olga Cobb,55,12/30/1996,71
72,Tillie Blake,18,07/09/1990,72
73,Catherine Romero,43,09/04/1930,73
74,Jon Daniels,32,05/27/2018,74
75,Gertrude Morgan,50,08/02/1909,75
76,Belle Boone,35,11/15/1967,76
77,Philip Taylor,61,09/24/1963,77
78,Leah Doyle,18,03/09/2000,78
79,Nicholas Day,27,05/19/1975,79
80,Rose Malone,43,02/05/1932,80
81,Harriett Butler,25,03/23/2043,81
82,Cecilia Love,45,09/22/2023,82
83,Jared Keller,37,09/14/2007,83
84,Ida Bennett,52,07/08/2016,84
85,James Wilkerson,58,06/23/1918,85
86,Leona Lambert,28,02/05/1974,86
87,Ina Fernandez,35,05/24/2065,87
88,Brian Clark,65,12/22/2061,88
89,Dennis Gutierrez,32,03/16/2040,89
90,Polly Sparks,24,01/13/1957,90
91,Martha Garcia,43,05/16/1948,91
92,Maude Dean,20,03/23/2063,92
93,Ann Powers,21,01/11/1939,93
94,Georgie Wilson,36,06/13/1912,94
95,Lillian Weber,41,07/08/2059,95
96,Edgar Gomez,24,12/30/2046,96
97,Wesley Wilkins,18,04/22/1947,97
98,Bessie Olson,28,04/16/2009,98
99,Jacob Rice,57,08/06/1992,99
100,Mason Marshall,57,03/11/2019,100
101,Hallie Perez,53,12/02/1919,101
102,Ryan Frazier,51,01/01/2022,102
103,Marguerite Lloyd,51,09/19/2059,103
104,Lottie Brock,59,06/13/1924,104
105,Della McDaniel,51,04/09/1950,105
106,Leona Jenkins,25,06/08/1972,106
107,Sara Barber,48,01/15/2032,107
108,Bessie McKinney,34,07/17/1976,108
109,Amelia Edwards,52,11/11/2023,109
110,Danny Chambers,30,12/10/2046,110
111,Bryan Russell,45,04/25/1921,111
112,Ralph Clayton,27,08/19/1916,112
113,Leonard Ortiz,36,10/14/1993,113
114,Callie Greer,31,07/09/1986,114
115,Eric Thomas,40,06/19/2003,115
116,Lora Boyd,58,02/18/1966,116
117,Lora Henderson,29,05/15/1902,117
118,Rachel Chavez,23,08/10/1918,118
119,Esther Cummings,49,02/22/1935,119
120,William Francis,62,02/02/2064,120
121,Ollie Wilkins,44,10/26/1950,121
122,Lela Hopkins,24,07/16/1953,122
123,Jordan Vaughn,64,06/16/1945,123
124,Gary Barrett,22,01/04/1996,124
125,Edwin Newton,21,06/04/2004,125
126,Pearl Ward,53,11/04/2035,126
127,Mason Parks,19,09/09/2060,127
128,Bobby Padilla,52,02/06/1940,128
129,Birdie Nguyen,45,05/18/1970,129
130,Ray Hopkins,34,08/04/2050,130
131,Flora Barton,57,03/07/2052,131
132,Gertrude Long,44,12/26/2043,132
133,Aaron Ruiz,31,09/28/1938,133
134,Benjamin Massey,24,04/08/2042,134
135,Edgar Roberts,62,01/23/2030,135
136,Harriet Ruiz,65,06/12/1930,136
137,Hulda Stephens,49,08/01/1936,137
138,Steven Burton,42,12/18/1968,138
139,Bradley Roberson,24,10/16/1971,139
140,Rena Dawson,28,05/23/2031,140
141,Vincent Glover,41,02/18/2045,141
142,Frank Hopkins,33,12/30/2061,142
143,John Pittman,60,08/29/1978,143
144,Juan Bass,43,04/08/2053,144
145,Clifford Love,55,08/03/2046,145
146,Carlos Hines,37,02/08/2058,146
147,Fanny Stewart,51,03/10/1932,147
148,Jackson Harper,22,12/22/1909,148
149,Lily Day,53,05/06/2041,149
150,Gussie Burke,65,07/19/1948,150
151,Austin Carr,21,08/30/2057,151
152,Lula Ross,20,02/18/1992,152
153,Bruce Gray,59,09/15/1937,153
154,Marie Rivera,46,12/17/1925,154
155,Bobby Mills,51,05/19/1936,155
156,Marvin Flores,22,02/24/1922,156
157,Jerry Bates,34,09/16/2048,157
158,Virginia Neal,39,11/30/2002,158
159,Bess Griffin,32,08/11/2057,159
160,Lydia Copeland,37,04/19/1920,160
161,Linnie Soto,54,01/31/2058,161
162,Adrian Nichols,36,04/23/1902,162
163,Lettie King,51,08/07/1953,163
164,Vernon Webb,56,06/18/1967,164
165,Lottie Simpson,39,09/11/1958,165
166,Elmer Duncan,29,12/03/2022,166
167,Bertha Little,48,12/27/1933,167
168,Patrick Underwood,36,09/11/1992,168
169,Alexander Johnson,39,11/04/1985,169
170,William Alvarez,60,11/12/2053,170
171,Jesse Knight,28,11/13/1928,171
172,Daniel Bates,45,06/16/1962,172
173,Lydia Stanley,49,08/13/2018,173
174,Ina Luna,54,02/17/2052,174
175,Eleanor Johnson,28,06/21/2033,175
176,Andrew Graves,52,06/01/1945,176
177,Bess Olson,49,08/29/1956,177
178,Harry Castro,28,11/22/2016,178
179,Leo Hayes,34,09/10/1987,179
180,Don Benson,54,03/15/1963,180
181,Georgia Martin,24,02/18/2027,181
182,Maude Brooks,33,12/11/2028,182
183,Edwin Green,51,11/01/1996,183
184,Jerry Hunter,50,11/19/1961,184
185,Hunter Graves,34,08/11/1933,185
186,Alice Park,65,02/06/1952,186
187,Aaron Simpson,22,04/26/2055,187
188,Iva Hill,21,01/26/2021,188
189,Dominic Fox,18,04/29/1965,189
190,Frederick Blake,52,03/20/2067,190
191,Harriet Ramos,36,05/31/2006,191
192,Sally Gordon,39,03/22/2056,192
193,Florence Williamson,25,01/06/1949,193
194,Bill Chandler,28,10/03/1943,194
195,Wesley Lindsey,50,09/17/1997,195
196,Jeanette Rice,43,10/07/1941,196
197,Harriet Gross,58,04/04/1920,197
198,Edna Wise,22,02/22/2028,198
199,Evelyn Stevens,64,07/28/2000,199
200,Isaac Jordan,60,05/22/1904,200
201,Mayme Blair,59,03/04/1970,201
202,Harvey Reese,42,03/26/2034,202
203,Christopher Munoz,21,08/03/1936,203
204,Ada Morrison,34,03/16/2003,204
205,Josie Brock,28,05/27/1949,205
206,Amy Watts,18,08/18/1949,206
207,Matthew Moss,48,12/06/2041,207
208,Myra Mitchell,30,09/28/2044,208
209,Chester Jones,18,12/05/2048,209
210,Alex Gardner,31,04/14/2043,210
211,Vincent Oliver,37,01/12/2055,211
212,Brett Duncan,22,12/25/1946,212
213,May Maxwell,18,04/21/1926,213
214,Alberta Park,24,06/23/1993,214
215,Hannah Bailey,22,08/14/1949,215
216,Alfred Cortez,21,03/18/1992,216
217,Marguerite Morales,62,11/13/1981,217
218,Sadie Maldonado,56,02/07/2022,218
219,Johnny Arnold,52,10/11/1966,219
220,Tony Jordan,51,10/31/2053,220
221,Derrick Cross,33,12/30/1942,221
222,Scott Shelton,37,06/04/2056,222
223,Sam Huff,42,02/07/1926,223
224,Lina Crawford,27,02/12/2061,224
225,Benjamin Harmon,49,02/09/1961,225
226,Leonard Davis,61,07/24/1909,226
227,Minerva Higgins,37,05/13/1987,227
228,Mattie Myers,23,06/29/1985,228
229,Austin McGee,64,04/06/1940,229
230,Ralph Soto,65,09/11/1942,230
231,Trevor Rose,48,05/29/1907,231
232,Phoebe Wilson,33,07/18/2003,232
233,Shawn Pratt,33,05/14/2054,233
234,Winifred Clark,28,01/09/1915,234
235,Patrick Watkins,26,06/13/2022,235
236,Harold Soto,53,07/27/2031,236
237,Amanda Young,45,01/01/1944,237
238,Alice Mendez,21,08/30/1915,238
239,Mabelle Garner,21,08/09/2030,239
240,Rosie Santos,53,03/26/2025,240
241,May Davis,53,07/01/1951,241
242,Isabella Simpson,45,11/23/2044,242
243,Edward Cross,48,02/18/1983,243
244,Hunter Alexander,31,07/23/1915,244
245,Max Hernandez,34,04/23/2058,245
246,Roger Ray,23,04/16/2016,246
247,Hilda Lucas,60,06/25/1992,247
248,Earl Vargas,42,01/12/2022,248
249,Erik Jordan,20,01/02/1932,249
250,Sophia Maldonado,27,11/26/2027,250
251,Hettie Mann,27,01/12/2019,251
252,Jessie Jennings,26,03/06/1945,252
253,Larry Jordan,18,03/28/2042,253
254,Joshua Frank,27,04/30/2048,254
255,Agnes Powell,30,02/18/1923,255
256,Dorothy Jimenez,24,09/26/1967,256
257,Raymond Herrera,54,06/07/2010,257
258,Frances Wheeler,22,06/18/1982,258
259,Theodore Harrison,24,12/09/1971,259
260,Lily Park,59,02/01/1919,260
261,Minnie Daniel,27,10/15/1971,261
262,Trevor McDaniel,50,01/30/1933,262
263,Isabel Neal,42,03/09/2063,263
264,Martha Conner,29,10/07/1922,264
265,Randy Nash,65,01/20/1996,265
266,Julia Harrington,36,04/12/1989,266
267,Oscar Alvarado,56,05/21/1988,267
268,Glen Hughes,58,11/18/1917,268
269,George Greene,59,05/12/2016,269
270,Rena Barton,27,01/12/2060,270
271,Ann Palmer,47,10/27/2005,271
272,Josephine Hampton,19,01/08/2009,272
273,Darrell Townsend,43,08/24/2017,273
274,Marc Campbell,49,09/10/1908,274
275,Virgie Mullins,29,05/29/2001,275
276,Mattie Gomez,19,05/03/2034,276
277,Flora Harvey,33,10/16/1948,277
278,Roy Gardner,55,11/28/2015,278
279,Marcus Jones,61,10/04/1979,279
280,Edward Oliver,19,01/21/1961,280
281,Marcus Fuller,32,05/23/2020,281
282,Nora Meyer,52,08/28/1998,282
283,Nettie Rodgers,48,12/11/1943,283
284,Andre Colon,31,05/06/2019,284
285,Charles Matthews,41,02/10/2002,285
286,Troy Bush,62,12/26/2025,286
287,Tommy Drake,65,12/07/2013,287
288,Jared Nunez,64,06/11/2031,288
289,Lizzie Alexander,65,09/25/2061,289
290,Allen Burke,63,04/30/1956,290
291,Dean Ortiz,24,01/02/1939,291
292,Genevieve Brewer,37,06/29/1941,292
293,Victor Salazar,26,12/22/1999,293
294,Philip Garza,30,02/23/1922,294
295,Jerry Gibson,23,12/01/2029,295
296,Derrick Roberson,39,12/17/1993,296
297,Amy Barrett,42,02/16/1917,297
298,Dominic McLaughlin,53,07/24/1907,298
299,Jeffrey Reyes,51,12/03/1910,299
300,Winifred Allison,20,07/20/2037,300
301,Jeanette Holt,31,05/10/2008,301
302,Matthew Owens,56,09/16/1917,302
303,Wayne Rogers,40,05/21/1926,303
304,Ophelia Robinson,34,07/04/1986,304
305,Carolyn Jacobs,35,02/03/1922,305
306,Marguerite Martinez,58,01/22/1931,306
307,Mabelle Pratt,45,06/14/2036,307
308,Arthur Morales,19,10/18/1979,308
309,Vera McLaughlin,26,04/05/2029,309
310,Mark Huff,29,03/07/2034,310
311,Janie Warren,42,12/26/1939,311
312,Joe Sharp,29,05/16/2052,312
313,Jim French,61,06/27/2014,313
314,Olivia Bell,28,05/13/2053,314
315,Emily Waters,26,11/15/2019,315
316,Helena Foster,55,04/14/1973,316
317,Daniel Bailey,39,06/09/2003,317
318,Kevin Park,34,10/24/2030,318
319,Inez Warner,47,07/10/2020,319
320,Hattie Rowe,64,11/07/2060,320
321,Mollie Farmer,19,05/28/2029,321
322,Elmer Barker,65,05/30/1937,322
323,Myrtie Walters,47,01/03/2040,323
324,Dollie Lambert,23,01/24/1907,324
325,Susan Rhodes,53,07/28/1972,325
326,Birdie Lindsey,24,06/30/1968,326
327,Chase Burke,56,12/28/1986,327
328,Ronald Pearson,49,12/03/1956,328
329,Katie Ramsey,49,11/24/1902,329
330,Florence Cooper,48,08/12/2033,330
331,Clifford Townsend,52,08/23/1906,331
332,Nina Alexander,33,04/28/2058,332
333,Beatrice Cruz,26,03/04/2007,333
334,Anthony Armstrong,44,12/28/2047,334
335,Evelyn McDaniel,63,05/02/2067,335
336,Seth Henry,21,02/08/1936,336
337,Brett Welch,31,11/02/1958,337
338,Francisco Lawrence,57,04/14/1902,338
339,Lola Waters,34,10/23/1984,339
340,Effie Stephens,19,07/19/1928,340
341,Nettie Ruiz,47,06/09/2053,341
342,Alta Thomas,31,05/04/1959,342
343,Frederick Crawford,21,08/18/2024,343
344,Adrian Tyler,26,02/19/2024,344
345,Esther Edwards,19,03/26/2037,345
346,Bill Wheeler,56,12/08/1971,346
347,Jimmy Owens,26,06/08/1938,347
348,Virgie Anderson,49,06/23/1996,348
349,Christine Howell,45,09/18/2014,349
350,Micheal Vargas,20,08/11/1937,350
351,Jordan Schultz,20,02/05/1962,351
352,Lawrence Robinson,53,05/02/2014,352
353,Carl Newman,52,08/25/1940,353
354,Marvin Johnson,54,12/31/1970,354
355,Nettie Chambers,26,06/17/1984,355
356,Esther Johnson,21,06/25/1955,356
357,Kate Dixon,21,04/20/2043,357
358,Grace Reid,36,08/17/1965,358
359,Eddie Gomez,18,05/13/2025,359
360,Mike Hicks,40,05/25/2002,360
361,Craig Baldwin,43,06/21/2015,361
362,Cecilia Peterson,41,06/23/1946,362
363,Henry White,62,06/19/2038,363
364,Bradley Potter,45,12/04/1933,364
365,Lenora Hamilton,46,10/06/2041,365
366,Lucille Fisher,62,12/26/2035,366
367,Christian Johnson,48,03/29/2047,367
368,Ronnie Mitchell,56,03/11/1948,368
369,Timothy McDaniel,52,04/09/2047,369
370,Edgar Pena,44,06/16/1989,370
371,Bobby Pena,31,01/12/2030,371
372,Bill Rhodes,19,11/21/1928,372
373,Mark Lawson,52,12/11/1989,373
374,Jay Alvarez,62,04/30/1995,374
375,Hunter Steele,26,12/15/1967,375
376,Minnie Paul,29,11/13/1939,376
377,Bertha Fields,40,01/22/2022,377
378,Rena Weaver,50,12/30/1996,378
379,Sarah Jordan,31,11/19/2030,379
380,Ann Andrews,40,11/30/1979,380
381,Sarah Farmer,20,10/11/1925,381
382,Rodney Mills,31,08/31/1952,382
383,Jeanette Powell,54,04/15/1908,383
384,Sean Holt,23,06/10/1989,384
385,Mitchell Curtis,57,09/09/2029,385
386,Clyde Hamilton,44,06/19/2018,386
387,Mitchell Love,29,01/16/2003,387
388,Antonio Oliver,62,02/12/1931,388
389,Georgie Dunn,28,10/15/2044,389
390,Brett Peters,35,02/13/1963,390
391,Jerome Simmons,22,02/06/2052,391
392,Kevin Richardson,63,01/25/1914,392
393,Francis Burns,61,06/21/2000,393
394,Nathaniel Cooper,49,10/25/1930,394
395,Chester May,34,10/07/2031,395
396,Alan Colon,23,03/28/2017,396
397,Harold Wagner,65,11/25/1996,397
398,Mittie Miller,49,10/14/1993,398
399,Nicholas Adkins,23,12/07/1935,399
400,Francisco Wilson,52,11/13/2026,400
401,Stephen Lindsey,36,04/19/2028,401
402,Ethel Flowers,18,01/15/1902,402
403,Edith Luna,24,12/31/1956,403
404,Mayme Stevenson,21,05/20/2014,404
405,Paul Hammond,25,01/27/2058,405
406,Edna Rhodes,61,02/13/2016,406
407,Evan Pratt,19,02/13/1961,407
408,Curtis Hernandez,40,11/29/1924,408
409,Owen Moody,51,05/19/2039,409
410,Chris Baker,38,06/26/1972,410
411,Lulu Romero,40,03/14/1927,411
412,Ella Mack,34,08/26/2042,412
413,Sally Pearson,33,03/06/1933,413
414,Minnie Rice,48,10/21/1923,414
415,Dominic Green,40,11/14/1968,415
416,Connor Pittman,35,09/29/2069,416
417,Elva Blair,40,11/15/2019,417
418,Jerome Holland,25,02/11/2064,418
419,May Lindsey,51,04/04/1900,419
420,Robert Harmon,38,11/03/1998,420
421,Angel Hayes,20,05/25/1936,421
422,Nettie Bowen,40,08/20/1922,422
423,Steve Harris,47,03/31/2013,423
424,Ida Howard,23,12/27/1946,424
425,Robert Dawson,47,06/23/2000,425
426,Ernest Miller,37,03/19/2029,426
427,Lester Edwards,23,11/18/2060,427
428,Nina Freeman,29,11/08/1993,428
429,Hester Banks,46,05/18/2057,429
430,Glenn Floyd,37,04/25/2004,430
431,Nelle Perry,23,01/03/2016,431
432,Susan Diaz,27,12/20/1976,432
433,Joseph Matthews,52,04/20/2058,433
434,Catherine Porter,55,10/13/1907,434
435,Sophia Bridges,47,02/12/1981,435
436,Joel Anderson,54,11/12/1997,436
437,Mable Daniels,62,02/04/1947,437
438,Edgar Wood,54,02/08/1989,438
439,Gerald Maxwell,49,12/31/1946,439
440,Ada Marsh,31,09/17/1964,440
441,Andre Simmons,34,06/03/2013,441
442,Bryan Reid,18,12/12/1959,442
443,Vincent Tyler,21,03/02/2047,443
444,Adrian Gomez,56,12/09/1973,444
445,Cameron Greer,26,09/30/1931,445
446,Bill Holloway,54,09/24/2005,446
447,Brian White,24,07/03/2066,447
448,Lee Allison,49,07/27/2010,448
449,Betty Maxwell,21,01/18/1991,449
450,Alberta Griffith,59,03/27/1926,450
451,Louis Fuller,44,06/24/1902,451
452,Jason Silva,47,11/19/1946,452
453,Lilly Ramos,63,04/20/1959,453
454,Johnny Wolfe,58,02/28/1997,454
455,Eugenia Chambers,26,07/21/1904,455
456,Polly Pena,61,02/10/1958,456
457,Bertha Warner,29,02/10/1989,457
458,Theodore Barnes,56,05/22/1920,458
459,Mable Robertson,51,11/25/2045,459
460,Nicholas Smith,45,12/29/2004,460
461,Birdie Foster,31,05/04/1916,461
462,Lilly Simmons,37,01/31/1975,462
463,Francisco Schmidt,43,06/20/1967,463
464,Garrett Rogers,65,10/21/1952,464
465,Nannie Warner,19,10/22/2038,465
466,Josie Russell,48,08/07/2066,466
467,Mittie Morales,40,08/06/2025,467
468,Lora Fields,47,05/25/1920,468
469,Aiden Gibson,28,06/03/1914,469
470,Gertrude Jacobs,65,03/04/2061,470
471,Cecilia Lane,22,08/30/1909,471
472,Billy Richards,24,01/02/2035,472
473,Helena Roberts,19,02/15/1992,473
474,Cecelia Figueroa,33,10/06/2036,474
475,Dylan Yates,42,05/17/1980,475
476,Craig Gross,20,09/19/1991,476
477,Eunice Kim,21,01/11/2016,477
478,Nellie Gomez,58,02/08/2013,478
479,Duane Richards,56,08/25/1940,479
480,Emilie Chambers,22,09/27/1958,480
481,Victoria Bass,41,12/10/2008,481
482,Ricardo Perry,29,07/24/1934,482
483,Beulah Schwartz,36,02/09/2025,483
484,Henry Colon,39,12/20/1912,484
485,Caleb Robbins,65,07/16/1968,485
486,Melvin Daniels,32,04/05/1921,486
487,Adrian King,46,03/23/1922,487
488,Hattie Wade,25,12/24/2027,488
489,Adele Blake,28,05/26/1937,489
490,Landon McDonald,64,10/16/1908,490
491,Lenora Bowen,56,03/19/1930,491
492,Gerald Jacobs,41,08/17/2028,492
493,Fred Harrison,38,02/17/1933,493
494,Ora Goodwin,30,07/03/2041,494
495,Edwin Schneider,49,05/21/1923,495
496,Keith Fernandez,65,03/16/2022,496
497,Floyd Nelson,28,05/06/1977,497
498,Marie Hernandez,39,04/04/2056,498
499,Amanda Tyler,35,08/28/2060,499
500,Raymond Townsend,29,09/01/2062,500
501,Gertrude Washington,62,04/10/1956,501
502,Elsie Greer,57,10/05/1927,502
503,Elnora Webster,18,08/16/2034,503
504,Jerry Parks,44,01/13/2048,504
505,Lucas Ferguson,56,06/30/1992,505
506,Andre Delgado,34,04/10/2023,506
507,Lura Haynes,44,03/14/2047,507
508,Randall Hogan,65,10/31/1940,508
509,Edna McCoy,44,11/08/2020,509
510,Georgie Neal,38,12/26/1917,510
511,Gordon Joseph,29,10/18/1930,511
512,Mason Gonzales,61,06/17/1959,512
513,Martin Wilkins,33,11/19/1985,513
514,Manuel Weber,58,06/05/1909,514
515,Elsie Allen,21,11/02/1961,515
516,Florence Fletcher,58,11/06/2037,516
517,Ralph Wade,55,10/22/2061,517
518,Gabriel Simon,27,05/24/1905,518
519,Ora Glover,33,04/28/2061,519
520,Marcus Medina,45,01/14/2039,520
521,Hattie Green,31,05/31/2040,521
522,Alberta Becker,37,10/20/1928,522
523,Leroy Neal,29,10/07/1930,523
524,Virgie Lawson,53,08/21/1998,524
525,Sophia Schultz,33,02/18/1972,525
526,Robert Kennedy,31,09/02/1910,526
527,Joe Jenkins,63,03/19/1994,527
528,Alvin Frank,32,06/27/1963,528
529,Kevin Boone,47,08/17/2057,529
530,Mabel Howell,54,07/20/1968,530
531,Bryan Greer,25,06/07/2003,531
532,Jack Tate,25,10/08/1966,532
533,Lucas Harrington,41,02/17/1902,533
534,Terry Freeman,57,03/31/1926,534
535,Lillian Henderson,39,10/30/1962,535
536,Della Doyle,23,01/22/2067,536
537,Elnora Bailey,50,01/14/1940,537
538,Elva Morales,50,03/04/1916,538
539,Mina Butler,61,05/03/2052,539
540,Randy Perez,60,10/30/2005,540
541,Edward Joseph,50,05/05/2010,541
542,Anthony Gutierrez,36,02/16/1952,542
543,Lily Patrick,64,12/22/1934,543
544,Alejandro Bryan,42,10/11/2043,544
545,Lola Pope,26,08/08/1939,545
546,Ethan Hunt,29,11/03/1900,546
547,Jared Tran,64,05/20/1948,547
548,Lucille Bowen,59,07/26/2049,548
549,Gregory Francis,55,10/26/1978,549
550,Mary Manning,44,01/13/1908,550
551,Tyler Casey,47,09/10/2066,551
552,Adeline Lindsey,41,11/02/1937,552
553,Olive Gross,51,02/24/1953,553
554,Vera Boone,48,01/12/1939,554
555,Gregory Garza,31,01/29/1994,555
556,Rachel Ramsey,35,12/08/1956,556
557,Willie Lyons,61,12/24/2060,557
558,Adelaide Brady,43,03/19/2016,558
559,Martha Herrera,62,09/07/1901,559
560,Ella Pratt,19,12/03/1973,560
561,Roxie Warner,47,11/11/1961,561
562,David Parsons,25,10/27/1953,562
563,Willie Harris,58,02/02/2067,563
564,Carrie Rivera,23,07/13/1981,564
565,Tony Logan,52,11/22/1916,565
566,Bess Roy,37,07/01/1973,566
567,Viola Potter,59,08/09/2031,567
568,Wesley Fisher,46,01/02/2022,568
569,Myra Stone,49,02/06/2016,569
570,Bettie Lee,32,07/03/1981,570
571,Noah Austin,25,12/21/2000,571
572,Caroline Reynolds,42,08/22/2046,572
573,Edwin Gray,18,04/21/1919,573
574,Helena Kim,46,10/06/2069,574
575,Sylvia Phillips,61,06/09/2026,575
576,Caroline Scott,20,08/13/1920,576
577,Frederick Carpenter,44,02/02/2022,577
578,Violet Barrett,30,05/30/2053,578
579,Corey Perry,60,10/19/1975,579
580,Ivan Hubbard,58,11/03/2024,580
581,Albert Morales,51,07/23/1954,581
582,Vera Estrada,54,09/02/2019,582
583,Madge Ellis,19,02/27/1998,583
584,Nina Ray,34,04/11/1965,584
585,Ian Wolfe,51,12/03/1965,585
586,Francisco Washington,36,05/26/1963,586
587,Ricky Mack,45,01/19/1914,587
588,Hilda Rice,62,05/09/2068,588
589,Josie Perez,52,09/25/2030,589
590,Lois Wolfe,47,08/29/1914,590
591,Carolyn Morales,23,08/04/1930,591
592,Roy Robertson,37,11/24/2031,592
593,Fanny Parsons,45,10/19/2021,593
594,Ethel Simmons,29,04/18/2006,594
595,Myrtie Leonard,58,08/10/1958,595
596,Sam Lambert,58,10/21/1946,596
597,Donald Walker,47,04/20/2038,597
598,Effie Hubbard,62,06/29/1961,598
599,Teresa Stevenson,27,04/01/2010,599
600,Derrick Abbott,32,01/13/1980,600
601,Juan Vasquez,25,08/20/1931,601
602,Bertie Scott,18,09/13/2033,602
603,Estella Houston,53,04/06/2014,603
604,Mabelle Brock,52,08/30/2046,604
605,Anthony Mills,51,08/05/2048,605
606,Irene Wallace,22,03/04/1986,606
607,Ollie Poole,57,11/27/2008,607
608,Lida Robertson,26,10/16/1943,608
609,Beulah Brock,64,08/27/1999,609
610,Franklin Steele,33,05/10/1913,610
611,Olga Saunders,22,09/27/2004,611
612,Lewis Berry,28,11/29/1916,612
613,Hallie Jacobs,64,09/12/1925,613
614,Fannie Hines,50,09/16/2000,614
615,Jack Schmidt,25,11/09/1983,615
616,Elsie Flores,21,09/30/1980,616
617,Luke Malone,28,04/05/2015,617
618,Jeremiah Willis,20,08/28/1970,618
619,Olive Baldwin,28,06/20/1911,619
620,David Massey,20,09/11/1944,620
621,Lee Larson,43,03/24/2006,621
622,Lenora Flores,52,01/01/1996,622
623,Joel Munoz,64,12/21/1951,623
624,Clara Coleman,31,02/07/1966,624
625,Edward Houston,23,07/17/1944,625
626,Derek Bryan,35,10/22/2025,626
627,Lenora Thomas,46,12/19/1916,627
628,Cecelia Hunter,30,04/04/2043,628
629,Darrell Riley,51,08/18/2058,629
630,Jean Todd,34,02/07/1939,630
631,Keith Moss,32,02/17/1960,631
632,Sara Lowe,63,02/11/1934,632
633,Ophelia Gill,34,08/05/2018,633
634,Leo Cobb,47,12/26/1981,634
635,Evelyn Goodman,52,05/11/1974,635
636,Logan Harvey,19,05/24/2067,636
637,Tommy McKenzie,46,08/23/2018,637
638,Julian Chandler,37,06/17/1962,638
639,Celia Mathis,63,07/20/2057,639
640,Steven Shaw,26,12/06/1951,640
641,Carl Jacobs,28,06/02/2032,641
642,Olga Jacobs,39,10/31/1956,642
643,Katie Caldwell,32,11/23/1974,643
644,Danny Vasquez,45,03/10/1903,644
645,Jackson Figueroa,50,05/18/1982,645
646,Sue Manning,48,09/08/1941,646
647,Hettie Manning,18,04/15/1984,647
648,Lettie Potter,40,01/19/2003,648
649,Jay Campbell,51,11/19/2038,649
650,Vincent Porter,47,02/11/1936,650
651,Gussie West,34,03/01/1980,651
652,Charlotte Reed,26,06/06/1981,652
653,Elnora Curry,51,03/12/2070,653
654,Corey Rivera,58,02/15/1928,654
655,Nina Ramos,63,08/10/1911,655
656,Bernard Klein,20,07/12/1953,656
657,Mildred Torres,32,10/05/1991,657
658,Melvin Hawkins,32,08/11/2005,658
659,Hilda Fox,24,11/04/1902,659
660,Elsie Watts,56,06/18/1934,660
661,Ethan Hughes,22,02/11/2045,661
662,Christopher Rios,59,09/22/1980,662
663,Ada Curtis,50,05/16/1940,663
664,Catherine Bowman,62,02/06/1986,664
665,George Johnson,31,05/03/1905,665
666,Francis Tran,49,10/15/1968,666
667,Myrtle Gutierrez,24,11/15/2002,667
668,Mayme Cooper,52,07/14/2043,668
669,Jeffrey Wagner,24,04/19/1944,669
670,Clara Warner,35,10/24/2049,670
671,Leroy Bass,26,08/09/1975,671
672,Joshua Riley,46,08/04/1992,672
673,Mabel Nichols,40,01/23/1910,673
674,Sean Massey,22,09/11/2046,674
675,Josie Garrett,22,10/23/2053,675
676,Raymond Terry,59,10/03/1917,676
677,Eunice Hayes,29,02/27/1970,677
678,Claudia Crawford,65,12/04/2010,678
679,Tyler Perry,24,08/20/1998,679
680,Esther Glover,54,02/02/2035,680
681,Jeremy Cohen,27,04/21/2054,681
682,Lily Briggs,23,10/31/2003,682
683,Alan Wong,27,11/01/1974,683
684,Myrtle Jensen,29,08/02/2062,684
685,Essie Barton,28,07/02/1999,685
686,Dorothy Horton,43,06/08/1989,686
687,Hettie Henry,53,05/08/2066,687
688,Edgar Russell,52,02/01/2023,688
689,Mason Coleman,64,09/24/2025,689
690,Chase Elliott,65,09/07/2032,690
691,Lena Wallace,33,03/23/2015,691
692,Marc Cook,59,02/08/1977,692
693,Tillie Jimenez,59,07/14/1994,693
694,Vernon Hodges,50,07/17/2063,694
695,Tillie Mathis,52,08/01/1949,695
696,Mabelle Brady,35,04/21/1995,696
697,Sophie Mann,65,07/13/2029,697
698,Chase Harper,27,06/13/1924,698
699,Glen Barton,18,12/20/2034,699
700,Violet Francis,53,06/25/1927,700
701,Fred Keller,61,11/24/2038,701
702,Louis Crawford,37,09/13/1997,702
703,Leon Ortega,22,03/08/1944,703
704,Gilbert Todd,26,12/17/2025,704
705,Mattie Lane,25,11/20/2067,705
706,Oscar Dennis,46,03/04/1975,706
707,Ruby Bowen,47,05/20/2032,707
708,Kathryn Christensen,37,08/12/2042,708
709,Ralph Figueroa,60,06/04/1912,709
710,Lida Hines,24,06/23/2006,710
711,Elmer Freeman,19,01/15/1904,711
712,Dean Graves,60,10/31/1944,712
713,Lucile Ruiz,39,08/24/2031,713
714,Edwin Johnston,33,09/20/2030,714
715,Roxie Fletcher,18,10/13/2010,715
716,Virgie McKinney,25,07/23/1992,716
717,Ida Brock,23,07/14/1947,717
718,Francis Schneider,41,10/13/2025,718
719,Jorge Phillips,54,08/27/1968,719
720,Gerald Silva,38,01/05/1956,720
721,Bruce Huff,24,07/12/1937,721
722,Nettie Rodgers,30,05/30/2037,722
723,Emily Wagner,65,03/22/2044,723
724,Corey McKenzie,47,10/05/2040,724
725,Timothy Barton,41,12/04/1912,725
726,Isaiah Brady,43,10/30/2022,726
727,Alexander Schultz,18,11/24/1962,727
728,Bertha Price,38,01/21/1947,728
729,Eric Gonzalez,43,04/18/1985,729
730,Sally Marshall,32,07/20/2043,730
731,Gabriel Clayton,64,04/02/1959,731
732,Susan Rivera,60,09/27/1974,732
733,Marion Douglas,18,08/07/2037,733
734,Curtis Ryan,51,10/06/2028,734
735,Tillie Moody,57,06/28/1900,735
736,Keith Maldonado,34,10/02/2015,736
737,Earl Alexander,26,04/27/1952,737
738,Darrell Cole,22,09/05/1918,738
739,Jason Park,60,04/15/1953,739
740,Vincent Schneider,53,12/30/1984,740
741,Evelyn Park,56,04/03/1928,741
742,Teresa Martin,22,11/12/2026,742
743,Augusta Gonzalez,58,10/28/1908,743
744,Melvin Keller,18,11/16/1906,744
745,Rena Campbell,36,10/15/1936,745
746,Andrew Page,57,04/22/1929,746
747,Harriett Wilkerson,44,03/03/1914,747
748,Dylan Pearson,28,03/08/2025,748
749,Hettie Simon,30,01/30/1961,749
750,Ivan Leonard,63,02/10/1958,750
751,Steve Roberson,51,11/10/1963,751
752,Edgar Frazier,38,03/11/2014,752
753,Alberta Perry,46,11/18/1996,753
754,Sadie Burgess,25,04/11/1904,754
755,Chester Carroll,61,07/14/2062,755
756,Sylvia Harrington,43,08/24/1966,756
757,Rodney Greer,22,06/21/1902,757
758,Violet Wood,31,05/04/1945,758
759,Georgia Clarke,22,04/06/1902,759
760,Peter Wong,33,08/10/1967,760
761,Cecilia Massey,62,12/11/2059,761
762,Stella Gilbert,28,07/07/1937,762
763,Eugene Cross,27,10/28/1975,763
764,Olive Clark,40,10/04/1932,764
765,Hannah Stewart,32,08/03/1926,765
766,Billy Mathis,58,07/23/1965,766
767,Marian Lambert,18,08/11/1917,767
768,Gene Quinn,25,05/26/2019,768
769,Mary Moody,24,08/24/1981,769
770,Gary Cummings,44,04/23/1934,770
771,Kenneth Wade,47,11/08/2037,771
772,Abbie Schwartz,21,12/14/1933,772
773,Belle Flores,30,05/01/1998,773
774,Roger Washington,44,11/04/1976,774
775,Oscar Saunders,30,06/29/2043,775
776,Florence Hammond,39,06/01/1999,776
777,Lela Peters,53,12/12/2045,777
778,Polly Fleming,31,04/14/1915,778
779,Rose Delgado,18,08/08/1981,779
780,Alvin Mullins,59,04/02/2057,780
781,Winnie Farmer,61,06/10/2054,781
782,Noah Martinez,49,08/22/2047,782
783,Sylvia Sharp,40,09/07/2031,783
784,Celia Hanson,48,05/22/2070,784
785,Marcus Tate,22,09/02/1988,785
786,Don Lucas,59,09/06/2038,786
787,Cordelia Hoffman,40,01/16/1957,787
788,Jason Greene,30,06/24/2060,788
789,Brian Rios,34,02/25/2067,789
790,Victor Craig,57,08/19/2046,790
791,Wayne McKinney,30,01/07/1915,791
792,Julian Martinez,45,04/29/1985,792
793,Joseph Barton,44,10/16/1924,793
794,Evelyn Hammond,26,03/23/1957,794
795,Lily Adkins,42,10/28/1908,795
796,Lula Snyder,40,07/19/2006,796
797,Adam Wallace,42,02/25/1945,797
798,Micheal Alvarez,29,04/10/2037,798
799,Ruby Snyder,54,02/21/2029,799
800,Leo Higgins,28,07/16/1964,800
801,Cole Barnett,40,04/08/1981,801
802,Bradley Davidson,52,05/03/1901,802
803,Eric McDaniel,19,02/16/2043,803
804,Rosie Larson,26,07/28/2042,804
805,Frederick Perry,38,06/30/1931,805
806,Roger Ingram,59,07/28/2064,806
807,Garrett Lee,21,04/29/1967,807
808,Lela Quinn,21,09/12/2024,808
809,Sylvia Caldwell,21,03/11/1962,809
810,Bruce Cruz,47,06/07/1967,810
811,Darrell Saunders,27,09/15/1987,811
812,Nora Lynch,34,10/01/1995,812
813,Jim Hansen,57,09/21/2028,813
814,Albert Wong,33,07/09/2062,814
815,Cecelia Mack,59,05/26/2064,815
816,Richard Hernandez,45,03/18/1918,816
817,Mae Colon,42,08/31/1967,817
818,Hannah Hudson,60,10/18/1993,818
819,Martha Green,21,12/30/2026,819
820,Danny Klein,29,09/20/1934,820
821,Eugenia Flores,50,06/21/1977,821
822,Travis Cook,45,11/19/1945,822
823,Emilie Ramirez,23,08/11/1907,823
824,Robert Rhodes,44,07/13/2031,824
825,Polly Cross,49,02/22/1936,825
826,Ophelia Schneider,63,06/30/1975,826
827,Jared Watts,23,05/16/1984,827
828,Violet Reyes,37,01/08/2057,828
829,Adele Stevens,63,06/25/1934,829
830,Keith Saunders,45,03/26/1972,830
831,Dennis Greer,33,10/02/2044,831
832,Mason Cobb,57,10/16/2008,832
833,Leona Cortez,53,11/27/1958,833
834,Emily Hernandez,42,06/02/2068,834
835,Cecilia McGee,34,05/29/1907,835
836,Eva Carroll,60,07/24/1956,836
837,Lottie Valdez,57,02/21/1960,837
838,Alan Gross,29,03/14/1918,838
839,Jack Thornton,24,08/17/1964,839
840,Andre Guerrero,28,04/16/2056,840
841,Ryan Massey,19,01/12/1966,841
842,Ronald Dennis,30,05/09/2025,842
843,Minnie Hampton,52,05/19/2018,843
844,Irene James,64,03/24/1981,844
845,Oscar Chavez,23,08/31/2052,845
846,Frank Gordon,34,02/12/1928,846
847,Ricardo Dean,45,12/22/1934,847
848,Ina Scott,61,08/20/1909,848
849,Calvin Griffith,27,08/10/1931,849
850,Olive Dunn,62,07/24/2031,850
851,Duane Santiago,53,06/02/2043,851
852,Luis Nunez,44,10/17/1903,852
853,Effie Fisher,25,10/15/1968,853
854,Sean Sandoval,57,07/06/2040,854
855,Shawn Briggs,24,10/29/2044,855
856,Mollie Fowler,62,09/28/2027,856
857,Micheal Ward,25,08/19/1944,857
858,Miguel Erickson,54,02/26/1931,858
859,Derrick Newton,56,08/29/1995,859
860,Terry Coleman,27,04/03/2027,860
861,Martha Richardson,20,07/19/1970,861
862,Mina Bradley,45,02/05/1947,862
863,Nina Nelson,52,06/17/2039,863
864,Lula Munoz,63,01/22/2061,864
865,Isaiah Greer,63,05/30/1994,865
866,Bernice Hawkins,33,07/13/2021,866
867,Fanny Brock,23,02/20/2057,867
868,Aaron Phelps,33,04/27/2041,868
869,Chase Lewis,38,11/04/2021,869
870,Edith Erickson,22,10/05/1916,870
871,Nettie Williamson,52,03/07/1939,871
872,Jonathan Price,26,10/16/1941,872
873,Pauline McDaniel,42,06/22/2026,873
874,Kate Sullivan,37,09/18/2061,874
875,Erik Adkins,45,03/16/2035,875
876,Alberta McKinney,43,07/30/1925,876
877,Leonard Potter,32,09/30/1955,877
878,Leona Reed,58,01/08/2051,878
879,Ivan Tucker,61,08/28/1981,879
880,May Atkins,42,01/07/2070,880
881,Adele Wong,60,09/28/2025,881
882,Hettie Wagner,41,02/17/1962,882
883,Cody Webster,33,08/10/2004,883
884,Lilly Phelps,23,10/16/1965,884
885,Clarence Berry,46,12/03/2049,885
886,Cameron Beck,41,07/24/2017,886
887,Winifred Jensen,30,06/20/1999,887
888,Miguel Wilkins,56,07/25/2063,888
889,Edna Ross,20,11/01/2014,889
890,Philip Guzman,24,02/13/1974,890
891,Isabella Cox,29,06/16/1900,891
892,Lou Roy,53,04/23/1910,892
893,Lucy Conner,44,07/22/1980,893
894,Floyd Lamb,52,11/17/1966,894
895,Lawrence Ramsey,53,11/27/2046,895
896,Kevin Graham,53,04/23/2070,896
897,Violet Cole,19,06/09/1933,897
898,Emily Day,23,04/29/2066,898
899,Leah Cook,56,04/27/1968,899
900,Mable Valdez,44,05/10/1987,900
901,Jerome Blair,57,09/30/1953,901
902,Della Rose,54,01/20/1948,902
903,Joe Daniels,25,12/19/1997,903
904,Loretta Stephens,26,01/21/2054,904
905,Evan Alexander,19,03/02/1903,905
906,Matilda Nunez,35,12/14/2013,906
907,Theodore Todd,47,09/27/2010,907
908,Lee Zimmerman,41,12/21/2065,908
909,Loretta Thornton,41,04/25/2033,909
910,Dean Miles,65,11/03/2046,910
911,Carolyn McBride,34,06/29/1913,911
912,Louisa Hart,59,01/05/1978,912
913,Beatrice Harris,45,05/14/2054,913
914,Aaron Fowler,42,04/26/2063,914
915,Cornelia Sparks,65,03/23/1958,915
916,Joel Atkins,48,01/30/1919,916
917,Noah Woods,50,04/22/2068,917
918,Max Mullins,65,05/10/2024,918
919,Luke Parker,65,10/28/2026,919
920,Daniel Ingram,26,05/18/1998,920
921,Jennie Gonzales,60,10/13/1928,921
922,Kate Burke,22,12/06/1991,922
923,Gene Swanson,30,06/15/1926,923
924,Lela Tran,45,01/03/1916,924
925,Catherine Miles,61,08/09/2031,925
926,Allen Drake,18,09/23/2034,926
927,Jesse Steele,65,06/01/2015,927
928,Barbara Gross,52,02/08/1919,928
929,Clifford Strickland,65,08/23/1912,929
930,Juan Turner,25,11/19/2005,930
931,Clayton Curtis,24,06/09/1970,931
932,Jonathan Vega,45,08/02/1967,932
933,Sara Barber,32,02/03/1909,933
934,Hettie Curry,55,10/30/1979,934
935,Lina Sharp,47,10/09/2003,935
936,Daisy Snyder,30,03/02/2050,936
937,Jeffrey Wise,43,05/17/1926,937
938,Dean Craig,45,01/19/1956,938
939,Louis Abbott,44,11/27/2012,939
940,Lela Hicks,23,10/22/1998,940
941,Millie Lewis,20,10/31/1966,941
942,Ann Thornton,61,10/28/1977,942
943,Frances Powell,47,09/20/2016,943
944,Eugene Scott,54,09/18/2049,944
945,Marie Perkins,39,06/27/1910,945
946,Glenn Perkins,58,04/12/2064,946
947,Henrietta Quinn,18,04/19/2019,947
948,Anthony Jefferson,51,11/06/1929,948
949,Eugene Waters,48,03/07/1919,949
950,Lily Lamb,32,03/05/2051,950
951,Derek Padilla,33,05/09/1931,951
952,Lucinda Washington,23,06/30/2051,952
953,Alberta Marsh,47,08/25/2008,953
954,Lina Cole,38,04/11/1978,954
955,Dora Goodwin,44,07/25/1958,955
956,Isaac Rodriguez,40,11/21/1980,956
957,Matilda Nguyen,39,06/19/1964,957
958,Ricky Johnson,59,06/20/1984,958
959,Brent Henry,50,07/27/2069,959
960,Evelyn Mitchell,30,02/21/1935,960
961,Lee Yates,50,10/11/2060,961
962,Leroy Brooks,47,04/17/2031,962
963,Derrick Thornton,57,07/14/1919,963
964,Keith Stanley,50,06/30/2049,964
965,Edwin Page,40,12/20/1943,965
966,Maude Frazier,40,02/17/2024,966
967,Zachary Cohen,18,11/05/1922,967
968,Franklin George,50,07/16/1919,968
969,Lydia Tyler,20,01/08/2059,969
970,Hattie Barker,27,06/06/2018,970
971,Matilda Lee,22,05/15/1935,971
972,Ronnie Buchanan,43,07/12/2062,972
973,Matthew Castro,51,06/10/1999,973
974,Francisco Santos,29,07/16/1951,974
975,Derek Lynch,44,05/28/1984,975
976,Steven Manning,43,08/12/2039,976
977,Ricky Stanley,50,10/22/1958,977
978,Jayden Strickland,41,05/29/2049,978
979,Cory Griffith,53,11/25/2036,979
980,Eugene Houston,47,08/27/2029,980
981,Bruce Schmidt,53,03/27/1904,981
982,Nellie Wallace,43,03/24/1927,982
983,Iva Reynolds,18,08/24/2064,983
984,Lora Chapman,51,12/14/1941,984
985,Olga Hampton,47,04/18/1912,985
986,Jesse Dixon,62,04/17/1987,986
987,Duane Bridges,51,02/21/1961,987
988,Gavin Miller,37,07/19/1939,988
989,Sophia Hammond,50,05/08/1989,989
990,Alvin Delgado,38,06/14/2063,990
991,Estelle Sandoval,52,05/27/2055,991
992,Christopher Jordan,19,11/27/1907,992
993,Corey Black,44,12/24/1953,993
994,Rosalie Peters,26,08/18/1982,994
995,Elva Beck,54,10/19/2068,995
996,Franklin Brewer,28,08/16/1905,996
997,Dora Ford,41,10/28/2027,997
998,Leon Burgess,25,05/26/1939,998
999,Cornelia Yates,61,11/27/2069,999
1000,Lewis Park,62,05/20/1933,1000
1001,Katharine Underwood,24,03/05/1944,1001
1002,Roxie Vasquez,45,01/17/1976,1002
1003,Trevor Reid,54,07/17/1980,1003
1004,Cordelia Castro,52,04/20/2063,1004
1005,Jerome Carson,34,11/25/1944,1005
1006,Ola Phelps,26,04/30/2005,1006
1007,Margaret Simmons,58,08/10/2021,1007
1008,Glenn Sanchez,21,11/30/1932,1008
1009,Ruth Maldonado,36,05/30/1978,1009
1010,Bill Barton,58,03/17/2025,1010
1011,Virginia Johnson,54,10/03/1943,1011
1012,Janie Saunders,27,09/20/1904,1012
1013,Allen Quinn,33,06/03/1910,1013
1014,Herman Glover,64,02/01/2042,1014
1015,Lettie Gordon,57,03/09/2003,1015
1016,Olive Burton,31,10/20/1951,1016
1017,Marc Pearson,63,01/05/1909,1017
1018,Stephen Thompson,60,02/05/2006,1018
1019,Mattie Cook,65,04/16/2041,1019
1020,Willie Patterson,19,07/11/1920,1020
1021,Sara Willis,40,05/25/1917,1021
1022,Catherine Salazar,53,06/11/2006,1022
1023,Lucinda Roberson,47,04/02/2003,1023
1024,Dennis Caldwell,51,10/03/1902,1024
1025,Leila Thompson,55,04/06/2012,1025
1026,Ruth Williams,23,09/28/1959,1026
1027,Robert Lowe,43,08/14/1961,1027
1028,Raymond Lloyd,31,09/11/1922,1028
1029,Nannie Phillips,19,08/07/1963,1029
1030,Myra George,55,10/24/2044,1030
1031,Warren Terry,32,03/12/1919,1031
1032,Ian Stanley,22,02/03/2003,1032
1033,Gary Ramsey,42,02/20/1978,1033
1034,Lillian Garcia,35,04/10/1909,1034
1035,Elva Klein,56,02/24/1937,1035
1036,Wayne Clarke,64,10/22/1968,1036
1037,Ethan Miles,21,07/13/1953,1037
1038,Joel Colon,47,10/21/1947,1038
1039,Russell Carlson,39,07/23/1962,1039
1040,Luke Torres,35,11/10/1948,1040
1041,Ricky Ramsey,32,05/03/2014,1041
1042,Delia Torres,30,12/18/1942,1042
1043,Jeremy Sherman,50,03/25/2000,1043
1044,Lottie Wheeler,33,11/20/2035,1044
1045,Arthur Carpenter,42,10/09/1926,1045
1046,Lawrence Green,25,10/12/1998,1046
1047,Marie Horton,58,05/07/2027,1047
1048,Frank McCoy,26,04/07/2006,1048
1049,Harry Castillo,33,06/08/1953,1049
1050,Rosie Hamilton,55,03/13/1941,1050
1051,Marguerite Wilkerson,56,03/19/2003,1051
1052,Genevieve Holmes,27,08/07/1965,1052
1053,Mabel Cain,43,05/21/1954,1053
1054,Mable Patton,28,01/13/1952,1054
1055,Hallie Arnold,50,12/18/2013,1055
1056,Bobby Fitzgerald,33,02/19/2044,1056
1057,Hilda Carpenter,62,09/07/1920,1057
1058,Nancy Todd,24,04/03/2010,1058
1059,Andre Lane,50,05/19/1954,1059
1060,Ollie Schwartz,22,04/14/1935,1060
1061,Nicholas Huff,21,11/17/1951,1061
1062,Vincent Allen,27,01/28/1951,1062
1063,Charlotte Robertson,39,05/02/1961,1063
1064,Mary Rowe,43,03/03/1958,1064
1065,Rodney Alvarez,46,08/30/2034,1065
1066,Bobby Ballard,52,05/24/2017,1066
1067,Jerry Cummings,64,02/25/2017,1067
1068,Ian Reeves,38,11/17/1983,1068
1069,Allen Webb,26,11/03/1992,1069
1070,Lester Cohen,63,02/28/1987,1070
1071,Ronnie Arnold,31,03/23/2065,1071
1072,Thomas Rodriguez,57,01/08/1952,1072
1073,Matilda Holt,59,09/12/2028,1073
1074,Thomas Pittman,65,02/09/1964,1074
1075,Blake Love,42,04/22/1945,1075
1076,Ralph Nguyen,24,02/28/1976,1076
1077,Earl Bailey,22,01/08/1985,1077
1078,Jimmy Jefferson,19,05/26/2026,1078
1079,Clara Nash,58,02/01/2008,1079
1080,Lottie Stokes,55,03/10/1904,1080
1081,Corey Garcia,64,05/24/2033,1081
1082,Leon Gutierrez,34,04/22/1969,1082
1083,Jay Johnson,40,06/05/1935,1083
1084,Ethel George,58,05/08/2064,1084
1085,Abbie Rice,49,02/25/1961,1085
1086,Cameron Luna,19,01/26/1953,1086
1087,Beulah Cole,49,12/29/1942,1087
1088,Rebecca Gardner,27,12/02/1917,1088
1089,Mae Silva,45,06/08/2001,1089
1090,Allen Estrada,19,07/28/2050,1090
1091,Arthur Marsh,31,12/21/2008,1091
1092,Lee Alexander,40,07/01/2042,1092
1093,Marion Blake,27,11/25/1955,1093
1094,Gary Hogan,23,10/24/2061,1094
1095,Donald Maldonado,65,01/29/2028,1095
1096,May Caldwell,22,09/16/1997,1096
1097,Dollie Steele,37,08/20/1957,1097
1098,Leila Parsons,46,02/14/2060,1098
1099,Lloyd Wright,63,06/22/1966,1099
1100,Francis Malone,35,06/13/2003,1100
1101,Roy Barker,60,10/11/1971,1101
1102,Aiden Pearson,19,06/11/2061,1102
1103,Annie French,24,02/25/1927,1103
1104,Eleanor Collier,51,06/22/1978,1104
1105,Roger Roy,43,12/26/1944,1105
1106,Jerry Diaz,32,03/16/2020,1106
1107,Frances Watson,63,02/06/2054,1107
1108,Elizabeth Diaz,38,12/07/1994,1108
1109,Andre Alvarado,53,07/29/1935,1109
1110,Luis Gutierrez,29,04/29/2051,1110
1111,Owen Harmon,31,07/24/1955,1111
1112,Emily Parsons,65,11/06/1922,1112
1113,Nicholas Atkins,39,09/03/1998,1113
1114,Cole Garner,48,10/24/2048,1114
1115,Derek Robinson,59,02/02/1989,1115
1116,Dale Sanchez,57,12/22/1986,1116
1117,Allen Dixon,36,07/21/1993,1117
1118,Eula Marshall,18,11/22/2057,1118
1119,Jason Phelps,65,02/03/2038,1119
1120,Thomas Ramirez,29,11/02/2053,1120
1121,Herman Banks,53,09/28/1969,1121
1122,Hallie Perez,20,05/11/2069,1122
1123,Elva Powell,61,01/28/1930,1123
1124,Norman McCoy,59,03/04/2052,1124
1125,Beatrice Shelton,28,09/18/2038,1125
1126,Marie Lyons,44,09/15/2015,1126
1127,Beulah Sandoval,46,09/05/2007,1127
1128,Marian Pierce,64,12/28/2041,1128
1129,Angel Horton,65,04/18/1974,1129
1130,Benjamin Logan,61,12/08/1976,1130
1131,Tommy Riley,65,05/16/1978,1131
1132,Tommy Sherman,22,06/06/1936,1132
1133,Alta Murphy,24,01/27/2057,1133
1134,Shawn Peters,38,07/12/2032,1134
1135,Theresa Gutierrez,27,03/05/2067,1135
1136,Nellie Owens,25,10/13/2003,1136
1137,Mina Briggs,47,10/25/2023,1137
1138,Mason Love,52,02/06/1994,1138
1139,Gertrude Beck,46,10/29/1943,1139
1140,Seth Bowman,25,07/08/2052,1140
1141,Brett McCoy,58,10/01/1997,1141
1142,Jerome Black,30,02/17/1960,1142
1143,Dale Maxwell,53,06/28/1925,1143
1144,Travis Reid,36,09/21/1961,1144
1145,Stella Boone,48,08/26/1907,1145
1146,Sean Jordan,57,06/15/2051,1146
1147,Winifred Bryant,51,11/24/1935,1147
1148,Jim Wolfe,47,05/10/1945,1148
1149,Isabel Hanson,52,11/27/1978,1149
1150,Glenn Mills,39,12/15/1901,1150
1151,Nicholas May,42,11/21/1972,1151
1152,Isabella Spencer,50,10/12/1935,1152
1153,Ora Hall,35,04/21/1943,1153
1154,Effie Hodges,59,10/18/1962,1154
1155,Randy Shelton,26,09/18/1943,1155
1156,Tyler Patton,60,06/30/1955,1156
1157,Melvin Ross,54,10/21/1998,1157
1158,Lura Dennis,25,03/20/1990,1158
1159,Delia Washington,29,10/13/2035,1159
1160,Leona Stewart,59,06/20/2010,1160
1161,Addie Henry,35,12/24/2027,1161
1162,Jane Jacobs,61,06/13/2001,1162
1163,Francis Goodman,41,04/14/2016,1163
1164,Sallie Pearson,34,02/13/2027,1164
1165,Ethel Walker,20,04/27/2029,1165
1166,Steven Sullivan,56,09/26/1954,1166
1167,Clayton Scott,39,08/25/1987,1167
1168,Kyle Douglas,39,05/06/1980,1168
1169,Brian Farmer,55,02/13/1924,1169
1170,Marion Drake,31,06/25/1958,1170
1171,Wesley Gill,28,05/01/1952,1171
1172,Georgia Klein,58,08/20/2013,1172
1173,Emma Parsons,63,07/09/1942,1173
1174,Vincent Wilkins,56,10/15/1954,1174
1175,Myrtle Cruz,25,02/18/1931,1175
1176,James Curry,30,01/27/2033,1176
1177,Theodore Sherman,24,10/30/1965,1177
1178,Addie Estrada,63,10/06/2047,1178
1179,Edwin Beck,24,01/27/1974,1179
1180,Sylvia Baker,42,05/11/1989,1180
1181,Olive Guerrero,32,08/24/1953,1181
1182,Luella Hart,56,02/19/2013,1182
1183,Bettie Reeves,61,05/01/1941,1183
1184,Olga Aguilar,28,12/26/1908,1184
1185,Gertrude Boone,19,02/28/1979,1185
1186,Violet Greer,18,09/05/2046,1186
1187,Brett Franklin,63,07/19/1936,1187
1188,Minerva Anderson,65,05/05/1914,1188
1189,Lucile Bowman,24,11/14/2051,1189
1190,Maria Daniels,24,05/13/1962,1190
1191,Gregory Valdez,27,10/23/1986,1191
1192,Mattie Cohen,45,08/29/2010,1192
1193,Marvin Barrett,56,02/27/1959,1193
1194,Victoria May,35,12/21/2069,1194
1195,Logan Brooks,47,08/16/2005,1195
1196,Kate Santiago,25,09/05/2006,1196
1197,Harry Watts,29,05/30/2028,1197
1198,Leona Miller,27,10/21/2011,1198
1199,Rachel Maldonado,29,03/13/2031,1199
1200,Rena Sanchez,46,02/07/2051,1200
1201,Polly Fleming,21,10/19/1916,1201
1202,Blanche Cummings,24,03/29/1954,1202
1203,Irene Page,58,09/22/1974,1203
1204,Susan Singleton,21,01/29/1928,1204
1205,Clifford Wolfe,58,10/16/1934,1205
1206,Lucille Adams,32,07/22/1979,1206
1207,Bernard Willis,58,05/12/1951,1207
1208,Ricardo Kennedy,38,08/18/1993,1208
1209,Ida Kelly,49,04/14/1947,1209
1210,Marcus Barnes,36,12/26/2046,1210
1211,Ophelia Wade,44,09/28/1950,1211
1212,Edward Logan,23,03/06/1974,1212
1213,Myrtie Hunt,47,12/17/1910,1213
1214,Hannah Clarke,48,06/13/2022,1214
1215,Willie Hunter,61,06/12/1982,1215
1216,Derrick Lucas,65,06/30/1961,1216
1217,Alfred Tate,41,04/05/1996,1217
1218,Blanche Olson,23,06/10/1979,1218
1219,Troy Myers,46,01/19/2032,1219
1220,Russell Craig,27,12/15/1989,1220
1221,Mina Jensen,18,03/13/1967,1221
1222,Myrtle Figueroa,41,04/03/2007,1222
1223,Steve Wagner,64,01/08/2007,1223
1224,Myrtle Henry,53,01/06/2037,1224
1225,Roy Burns,43,06/16/2063,1225
1226,Jeffrey Beck,65,04/17/1937,1226
1227,Violet Collins,59,10/12/1932,1227
1228,Ora Montgomery,63,01/20/2040,1228
1229,Bryan Blake,39,01/19/2047,1229
1230,Randy Williamson,30,07/05/1944,1230
1231,Austin Kelley,54,06/02/2018,1231
1232,Bernice Davis,36,07/15/1914,1232
1233,Addie Harrington,31,05/15/1997,1233
1234,Mamie Ramirez,58,06/02/1932,1234
1235,Mittie Stone,25,02/07/2058,1235
1236,Douglas Brady,36,12/22/1914,1236
1237,Rosetta Underwood,37,09/29/2000,1237
1238,Evelyn Burns,20,10/04/1993,1238
1239,Scott Underwood,30,06/19/1966,1239
1240,Bradley Graham,31,09/20/2004,1240
1241,Joshua Turner,35,03/16/1932,1241
1242,Jeffrey Gutierrez,35,04/29/1912,1242
1243,George Tran,18,07/06/2055,1243
1244,Francis Edwards,56,01/29/2016,1244
1245,Augusta Hines,62,03/03/2002,1245
1246,Bertha Harrington,43,11/07/2050,1246
1247,Rena Ramirez,34,08/24/1942,1247
1248,Jeff Schmidt,22,04/01/2003,1248
1249,Noah Carr,39,09/19/2051,1249
1250,Eva Walters,30,09/04/1982,1250
1251,Phoebe Reed,61,12/25/2035,1251
1252,Franklin Cortez,23,06/22/1905,1252
1253,Maud Flores,52,07/15/2030,1253
1254,Irene Barker,43,06/21/1976,1254
1255,Juan Black,18,06/15/1987,1255
1256,Caroline Carlson,27,08/12/2021,1256
1257,Amy Schmidt,63,06/23/2059,1257
1258,Chad Fleming,39,05/06/1924,1258
1259,Noah Terry,38,09/19/1941,1259
1260,Mitchell Austin,49,03/08/2002,1260
1261,Tyler Myers,33,06/06/1942,1261
1262,Stella Baldwin,27,04/03/1903,1262
1263,Frank Sullivan,32,11/05/2044,1263
1264,Julia Zimmerman,28,01/04/1904,1264
1265,Fannie Guzman,44,10/02/2022,1265
1266,Virginia Freeman,26,02/12/2052,1266
1267,Chad Joseph,28,06/07/1922,1267
1268,Oscar James,56,09/26/1929,1268
1269,Andrew Summers,52,07/04/1914,1269
1270,Mary Fowler,60,12/03/1976,1270
1271,Gary Williamson,24,07/21/2049,1271
1272,Phillip Daniel,37,09/03/1939,1272
1273,Sarah Atkins,34,03/27/1998,1273
1274,Carolyn Love,46,06/05/1978,1274
1275,Hulda Reed,51,11/29/2025,1275
1276,Isabel Black,61,07/01/2040,1276
1277,Bertha Moreno,55,06/05/1927,1277
1278,Ina Garcia,31,01/11/1930,1278
1279,Darrell Vasquez,52,09/02/2016,1279
1280,Carrie Barker,21,12/02/2046,1280
1281,Cora Ruiz,35,01/21/1929,1281
1282,Katie Reyes,29,08/01/2007,1282
1283,Rosalie Fisher,50,07/06/1999,1283
1284,Leila Malone,43,09/06/1954,1284
1285,Maurice Maxwell,38,08/30/1955,1285
1286,Antonio Andrews,41,05/16/2026,1286
1287,Travis Fox,62,06/18/2053,1287
1288,Carl Grant,54,01/17/2041,1288
1289,Donald Walters,52,01/15/2013,1289
1290,Lenora Carson,48,09/08/2035,1290
1291,Martha Davis,18,06/09/1979,1291
1292,Victor Gordon,48,10/16/2024,1292
1293,Maud Morrison,62,06/12/2056,1293
1294,Nannie Olson,35,08/25/1929,1294
1295,Robert Wilkins,28,09/17/1979,1295
1296,Larry Ryan,37,10/31/2031,1296
1297,Sylvia Wright,49,07/31/1978,1297
1298,Cecelia Maxwell,48,09/28/1945,1298
1299,Victor Frazier,27,10/03/2069,1299
1300,Inez Henry,61,09/12/1963,1300
1301,Sally Collier,23,07/14/1912,1301
1302,Samuel Garner,53,12/27/1964,1302
1303,Noah Schwartz,39,06/11/1981,1303
1304,Chester Terry,37,01/04/1901,1304
1305,Myrtle Atkins,33,10/08/1928,1305
1306,Roy Soto,38,10/06/1938,1306
1307,Georgia Sullivan,18,03/02/1974,1307
1308,Michael Huff,18,12/07/2013,1308
1309,Marcus Robinson,53,02/02/1948,1309
1310,Catherine Black,50,08/25/1956,1310
1311,Chester Guzman,23,03/07/2053,1311
1312,Roy Aguilar,21,05/31/2009,1312
1313,Garrett Hayes,24,12/06/1988,1313
1314,Katherine Colon,25,05/30/1984,1314
1315,Viola Snyder,39,01/14/1958,1315
1316,Nicholas Curry,58,10/04/2059,1316
1317,Gavin Thornton,63,03/29/1912,1317
1318,Jesus Norris,41,10/11/2055,1318
1319,Adelaide Andrews,55,03/01/2051,1319
1320,Marguerite Simpson,63,04/13/1947,1320
1321,Blake Reid,62,11/14/1967,1321
1322,Annie Pratt,57,02/26/2022,1322
1323,Eula Santos,25,10/25/2049,1323
1324,Roxie Howard,51,01/25/2033,1324
1325,Derek Wagner,61,05/23/1962,1325
1326,Betty Lyons,30,01/11/1965,1326
1327,Jane Stanley,39,06/21/2042,1327
1328,Cornelia Wilson,50,10/26/1972,1328
1329,Estella Haynes,54,04/26/2019,1329
1330,Arthur Padilla,57,10/12/1918,1330
1331,Lillie Murphy,50,09/15/2025,1331
1332,Ricky Estrada,23,07/22/1914,1332
1333,Paul Klein,48,08/30/1969,1333
1334,Katharine Griffin,59,09/11/2062,1334
1335,Irene Gutierrez,52,12/09/1930,1335
1336,Philip Reid,41,12/17/2028,1336
1337,Gene Dixon,36,05/24/2041,1337
1338,Clayton Munoz,51,01/31/1956,1338
1339,Leila Stokes,30,03/06/1999,1339
1340,Lillian Blair,43,10/30/1956,1340
1341,Brett McGuire,38,06/20/2046,1341
1342,Marguerite Campbell,53,02/28/2050,1342
1343,Marvin Spencer,46,02/27/1928,1343
1344,Wayne Woods,20,12/24/2039,1344
1345,Lucile Waters,50,03/04/1977,1345
1346,Mathilda Carter,26,05/24/1915,1346
1347,Kevin Steele,32,08/14/2020,1347
1348,Teresa Williams,40,07/15/1922,1348
1349,Mitchell Blair,39,02/05/1919,1349
1350,Carrie Ramirez,53,06/21/1959,1350
1351,Edward Cannon,38,07/28/2038,1351
1352,Luis Scott,18,04/15/2063,1352
1353,Marie Clayton,64,12/30/1929,1353
1354,Jay Sanchez,30,05/08/1938,1354
1355,Landon Hodges,28,02/19/1963,1355
1356,Keith Adams,30,04/20/2015,1356
1357,Charles Ramirez,18,03/08/1968,1357
1358,Carolyn Park,63,01/09/1981,1358
1359,Willie Anderson,37,11/05/2066,1359
1360,Rosa Moran,24,11/14/1922,1360
1361,Callie Weaver,55,11/08/2040,1361
1362,Linnie Glover,52,08/19/1951,1362
1363,Lillie Ryan,33,05/06/2002,1363
1364,Blake Leonard,48,02/02/1907,1364
1365,Eula Kelly,19,05/08/1905,1365
1366,Nathan Holland,18,10/26/1901,1366
1367,Jeremy Ortiz,64,06/19/2046,1367
1368,Ryan Bishop,34,10/19/2036,1368
1369,Ricky Wheeler,52,02/28/2015,1369
1370,Sylvia Wilkerson,20,06/25/1904,1370
1371,Bertie Mitchell,53,09/04/1935,1371
1372,Ruth Maxwell,54,12/22/1983,1372
1373,Joe Gross,64,04/09/2042,1373
1374,Irene Bush,23,05/30/2040,1374
1375,Harold Fuller,28,02/06/1988,1375
1376,Lydia George,45,07/04/2064,1376
1377,Gene McCormick,46,10/04/2044,1377
1378,Logan Briggs,36,12/29/1904,1378
1379,Flora Newman,54,03/22/1975,1379
1380,Francis Rivera,47,09/24/2030,1380
1381,Elsie Scott,32,09/14/2031,1381
1382,Jennie Montgomery,26,08/03/1939,1382
1383,Charles Erickson,33,06/17/2008,1383
1384,Vincent Hardy,29,04/26/2062,1384
1385,Miguel James,40,02/12/1997,1385
1386,Mitchell Saunders,62,06/20/1983,1386
1387,Ralph Oliver,18,09/24/2051,1387
1388,Ethel Aguilar,35,11/02/2045,1388
1389,Travis Holmes,41,02/06/2003,1389
1390,Stella Harrington,44,08/11/1930,1390
1391,Troy Dean,61,10/24/2036,1391
1392,Rosa Casey,23,08/16/2004,1392
1393,Wesley Hunt,41,06/23/2017,1393
1394,Cole Chandler,23,11/19/1951,1394
1395,Harry Sullivan,21,09/11/1922,1395
1396,Rosa Patterson,18,09/05/1917,1396
1397,Minnie Gordon,51,06/01/1922,1397
1398,Susan Carroll,29,02/06/1902,1398
1399,Hattie Morrison,37,08/17/2051,1399
1400,Randall Ramirez,49,11/21/2038,1400
1401,Danny Jenkins,20,01/10/2064,1401
1402,Herbert Ortega,22,06/25/2025,1402
1403,Edith Nash,63,02/24/2014,1403
1404,Ann Pearson,63,01/21/1911,1404
1405,Marvin Anderson,63,03/13/1984,1405
1406,Scott Neal,43,10/30/1946,1406
1407,Herman Porter,34,03/21/2022,1407
1408,Lou Walton,40,11/28/2022,1408
1409,Chad Stevenson,59,01/15/2058,1409
1410,Louisa Knight,22,04/28/1940,1410
1411,Nora Armstrong,62,10/19/1971,1411
1412,Pearl Craig,46,08/31/2065,1412
1413,Joseph Rice,51,02/07/1995,1413
1414,Lillie Sims,63,05/10/2016,1414
1415,Donald Collier,42,02/10/1978,1415
1416,Larry Franklin,46,07/30/2041,1416
1417,Rena Adkins,55,04/22/2070,1417
1418,Lola Webb,25,12/18/1922,1418
1419,Floyd Mitchell,61,01/07/1978,1419
1420,Winnie Benson,18,02/14/2033,1420
1421,Augusta Griffith,45,12/13/2046,1421
1422,Lola Lee,50,10/28/2053,1422
1423,Susan Henderson,35,02/08/1968,1423
1424,Fanny Thornton,36,12/01/1943,1424
1425,Mina Bass,65,12/06/2001,1425
1426,Chase Hill,18,03/27/1911,1426
1427,Howard Little,19,04/17/1994,1427
1428,Iva Phelps,28,08/20/1976,1428
1429,Eula Davis,61,11/02/2041,1429
1430,Anne Owen,21,08/14/1900,1430
1431,Terry Torres,25,01/01/1931,1431
1432,Sylvia Estrada,23,07/27/1963,1432
1433,Helena Ballard,61,05/09/1903,1433
1434,Arthur Jensen,25,06/07/2007,1434
1435,Mario Clarke,24,02/26/2027,1435
1436,Cecelia Lynch,59,02/16/1968,1436
1437,Nina Newton,28,07/30/1943,1437
1438,Adam Bradley,54,08/06/1934,1438
1439,Gregory Manning,53,07/20/2057,1439
1440,Gary Rice,22,12/18/1952,1440
1441,Alan Jackson,29,07/25/1937,1441
1442,Hettie Romero,21,03/10/1966,1442
1443,Etta Elliott,60,01/30/1930,1443
1444,Lucy Ramirez,46,05/02/1939,1444
1445,Glen Hale,64,09/29/1911,1445
1446,Dylan Hall,25,05/19/2052,1446
1447,Samuel Williamson,48,12/28/2012,1447
1448,Jeff Ramirez,42,03/22/1957,1448
1449,Estella Fox,22,06/21/1993,1449
1450,Harriet Meyer,25,02/10/1944,1450
1451,Maggie Brady,48,11/24/2060,1451
1452,Curtis Haynes,23,03/06/2031,1452
1453,Elsie Collins,20,09/22/1988,1453
1454,Phoebe Ruiz,36,08/03/1931,1454
1455,Olga Jenkins,50,06/30/2021,1455
1456,Jason Daniel,19,04/10/2069,1456
1457,Leon Bowen,62,02/11/2004,1457
1458,Mike Boone,49,04/25/1996,1458
1459,Sadie Bailey,48,08/23/2041,1459
1460,Shawn Bass,27,08/03/2047,1460
1461,Olga Phillips,24,12/15/2065,1461
1462,Roy Alexander,33,09/11/1999,1462
1463,Lydia Thompson,63,12/22/2063,1463
1464,Blake Cooper,62,04/30/2034,1464
1465,Ricardo Romero,34,05/31/1901,1465
1466,Wayne Oliver,23,05/26/1924,1466
1467,Bessie Weber,39,05/19/2069,1467
1468,Fanny Matthews,53,10/28/2037,1468
1469,Katharine Norton,31,11/03/2064,1469
1470,Addie McGee,52,09/05/1930,1470
1471,Celia Cook,54,06/25/2026,1471
1472,Howard Garrett,65,11/29/2015,1472
1473,Tony Dixon,51,04/14/1906,1473
1474,Barbara Martinez,39,03/15/2040,1474
1475,Carolyn Rivera,40,12/16/1919,1475
1476,Brandon Hernandez,57,03/03/2026,1476
1477,Craig Hicks,23,01/31/1945,1477
1478,Alberta Curtis,48,10/04/1976,1478
1479,Kenneth Nash,39,04/25/2042,1479
1480,Alvin Cooper,21,06/05/1925,1480
1481,Lewis Houston,43,08/31/1966,1481
1482,David James,62,11/19/1906,1482
1483,Sarah Rowe,40,11/08/1970,1483
1484,Trevor Schmidt,47,04/22/2035,1484
1485,Bruce Smith,49,02/26/1931,1485
1486,Alberta Fisher,20,07/07/2062,1486
1487,Lillie Reed,50,07/01/1953,1487
1488,Shawn Garza,32,05/04/1912,1488
1489,Patrick Weber,20,06/11/1981,1489
1490,Esther Nunez,25,11/13/2027,1490
1491,Jared Fox,63,08/06/2036,1491
1492,Lewis Barnett,45,05/08/2018,1492
1493,Aiden Hayes,38,02/24/2000,1493
1494,Adele Schneider,44,05/02/2031,1494
1495,Adeline Walker,46,03/25/2060,1495
1496,Jessie Ruiz,18,02/09/2057,1496
1497,Henrietta Willis,20,06/17/1931,1497
1498,Larry Lamb,36,11/30/2022,1498
1499,Catherine Robinson,23,12/12/2001,1499
1500,Millie McCormick,59,10/04/2028,1500
